"","Year","Countries","Economic Freedom Summary Index","Rank","Size of Government","Legal System & Property Rights","Sound Money","Freedom to trade internationally","Regulation","GDP per capita","World GDP","USD"
"1",2015,"Argentina",4.88,155,4.87,3.82,6.46,3.73,5.55,13698.2934384857,7.48427e+13,95.85279
"2",2015,"Australia",8,9,6.59,7.99,9.36,7.6,8.46,56561.4123818054,7.48427e+13,95.85279
"3",2015,"Austria",7.65,26,5.09,8.02,9.62,8.12,7.39,44206.7842820834,7.48427e+13,95.85279
"4",2015,"Belgium",7.44,45,3.93,7.25,9.66,8.26,8.1,40361.1541907535,7.48427e+13,95.85279
"5",2015,"Brazil",5.77,136,5.25,4.45,7.97,6.88,4.3,8750.22299607324,7.48427e+13,95.85279
"6",2015,"Canada",7.93,12,5.87,7.85,9.58,7.87,8.5,43525.3701865304,7.48427e+13,95.85279
"7",2015,"Chile",7.79,14,7.91,6.45,9.31,8.21,7.09,13736.6356879313,7.48427e+13,95.85279
"8",2015,"Colombia",6.41,112,6.14,3.79,8.03,6.91,7.17,6044.52555566556,7.48427e+13,95.85279
"9",2015,"Congo, Dem. R.",5.46,147,5.42,2.65,7.99,5.45,5.8,1712.12114632566,7.48427e+13,95.85279
"10",2015,"Denmark",7.74,17,4.07,8.25,9.61,8.42,8.35,53012.9965835008,7.48427e+13,95.85279
"11",2015,"Ecuador",5.91,129,5.33,3.89,8.1,6.53,5.7,6150.15595531519,7.48427e+13,95.85279
"12",2015,"Finland",7.73,18,4.23,8.88,9.6,8.24,7.68,42424.2208075022,7.48427e+13,95.85279
"13",2015,"France",7.35,52,4.2,7.07,9.77,8.25,7.49,36613.3752159613,7.48427e+13,95.85279
"14",2015,"Germany",7.68,24,5.54,7.45,9.65,7.92,7.85,41323.921502169,7.48427e+13,95.85279
"15",2015,"Greece",6.36,116,3.42,5.98,8.35,7.64,6.4,18070.7767788584,7.48427e+13,95.85279
"16",2015,"Guatemala",7.69,23,9.49,4.48,9.63,8.22,6.65,3923.57334364713,7.48427e+13,95.85279
"17",2015,"Hong Kong",8.95,1,8.55,8.08,9.51,9.23,9.41,2341.27532008595,7.48427e+13,95.85279
"18",2015,"Iceland",7.19,64,5.17,8.45,7.17,7.15,8.03,51213.6613332843,7.48427e+13,95.85279
"19",2015,"India",6.61,99,7.82,5.1,8.1,5.56,6.46,1606.0382849889,7.48427e+13,95.85279
"20",2015,"Indonesia",6.98,74,7.7,4.52,9.36,6.99,6.34,3334.54907484848,7.48427e+13,95.85279
"21",2015,"Iran",5.3,150,5.29,4.54,7.08,4.53,5.07,4974.0269301667,7.48427e+13,95.85279
"22",2015,"Ireland",8.18,5,6,8,9.53,8.76,8.62,61807.6703737555,7.48427e+13,95.85279
"23",2015,"Israel",7.48,39,6.3,6.13,9.49,8.11,7.38,35690.9630779526,7.48427e+13,95.85279
"24",2015,"Italy",7.31,54,5.41,5.66,9.74,8.26,7.47,30180.3215146877,7.48427e+13,95.85279
"25",2015,"Japan",7.49,37,4.71,7.6,9.63,7.43,8.07,34567.7456750995,7.48427e+13,95.85279
"26",2015,"Kenya",7.11,70,7.79,4.75,9.1,6.63,7.3,1355.04578833975,7.48427e+13,95.85279
"27",2015,"Korea, South",7.55,32,6.9,6.45,9.66,7.55,7.21,29109.0687433547,7.48427e+13,95.85279
"28",2015,"Luxembourg",7.64,27,4.17,8.36,9.46,8.3,7.9,101446.786303182,7.48427e+13,95.85279
"29",2015,"Malaysia",7.17,66,6.93,5.76,7.01,7.51,8.65,9648.55345515912,7.48427e+13,95.85279
"30",2015,"Mexico",6.96,76,7.81,4.22,8.14,7.52,7.12,9290.76062857618,7.48427e+13,95.85279
"31",2015,"Morocco",6.31,119,5.68,5.57,7.29,6.84,6.14,2864.09291462974,7.48427e+13,95.85279
"32",2015,"Netherlands",7.73,18,3.89,8.21,9.75,8.61,8.19,44746.3340485236,7.48427e+13,95.85279
"33",2015,"New Zealand",8.48,3,6.46,8.74,9.51,8.57,9.11,38649.3784975761,7.48427e+13,95.85279
"34",2015,"Nigeria",6.37,115,7.08,3.61,7.94,5.93,7.31,2655.15797711367,7.48427e+13,95.85279
"35",2015,"Norway",7.67,25,4.56,8.83,9.51,7.65,7.79,74498.13763927,7.48427e+13,95.85279
"36",2015,"Pakistan",5.92,127,7.86,3.3,6.38,5.77,6.28,1428.63762767431,7.48427e+13,95.85279
"37",2015,"Peru",7.47,41,7.22,4.8,9.56,8.23,7.53,6053.11241492924,7.48427e+13,95.85279
"38",2015,"Philippines",7.47,41,8.73,4.43,9.44,7.31,7.44,2878.33837046989,7.48427e+13,95.85279
"39",2015,"Portugal",7.54,33,5.61,6.95,9.68,8.42,7.06,19252.6349536042,7.48427e+13,95.85279
"40",2015,"Singapore",8.8,2,7.78,8.29,9.84,9.25,8.82,54940.8581377449,7.48427e+13,95.85279
"41",2015,"South Africa",6.64,95,5.1,5.76,8.07,6.87,7.4,5746.68112702961,7.48427e+13,95.85279
"42",2015,"Spain",7.52,35,5.68,6.8,9.76,8.01,7.34,25789.5195481476,7.48427e+13,95.85279
"43",2015,"Sweden",7.64,27,3.64,8.35,9.71,8.28,8.24,50812.1908597713,7.48427e+13,95.85279
"44",2015,"Switzerland",8.42,4,7.68,8.58,9.81,7.54,8.49,82016.0213129432,7.48427e+13,95.85279
"45",2015,"Syria",5.22,153,6.2,4.36,4.87,4.91,5.75,NA,7.48427e+13,95.85279
"46",2015,"Tanzania",6.92,77,7.31,5.68,8.06,6.28,7.27,872.295494924971,7.48427e+13,95.85279
"47",2015,"Thailand",6.74,89,6.63,4.77,8.45,6.78,7.07,5846.39460806913,7.48427e+13,95.85279
"48",2015,"Tunisia",6.33,117,6.1,5.28,7.06,6.81,6.41,3828.10063289426,7.48427e+13,95.85279
"49",2015,"Turkey",6.83,81,6.62,4.74,9.08,7.24,6.49,10984.8052020041,7.48427e+13,95.85279
"50",2015,"United Kingdom",8.04,6,5.75,7.92,9.84,8.42,8.25,44305.5546320834,7.48427e+13,95.85279
"51",2015,"United States",7.93,12,6.43,7.23,9.76,7.54,8.71,56443.8172422582,7.48427e+13,95.85279
"52",2015,"Venezuela",2.96,159,4.94,2.05,1.94,3.32,2.56,NA,7.48427e+13,95.85279
"53",2010,"Argentina",5.59,138,5.81,4.23,6.59,6.13,5.21,10276.2604977053,6.59567e+13,83.33632
"54",2010,"Australia",8.02,5,6.67,8.09,9.47,7.52,8.37,51936.8887116461,6.59567e+13,83.33632
"55",2010,"Austria",7.62,19,4.9,8.08,9.64,7.91,7.58,46858.0432733717,6.59567e+13,83.33632
"56",2010,"Belgium",7.39,35,3.99,6.94,9.69,8.19,8.12,44380.1766327308,6.59567e+13,83.33632
"57",2010,"Brazil",6.46,104,6.99,5.06,7.97,7.15,5.15,11224.1540829355,6.59567e+13,83.33632
"58",2010,"Canada",8.01,6,5.92,8.16,9.46,7.84,8.7,47447.4760241936,6.59567e+13,83.33632
"59",2010,"Chile",7.89,8,7.91,6.8,8.94,8.25,7.55,12860.1776447469,6.59567e+13,83.33632
"60",2010,"Colombia",6.54,98,6.16,4.28,8.2,6.94,7.13,6250.65504429614,6.59567e+13,83.33632
"61",2010,"Congo, Dem. R.",5.29,145,5.33,2.59,7.89,5.17,5.48,2737.34233022991,6.59567e+13,83.33632
"62",2010,"Denmark",7.77,13,3.73,8.67,9.6,8.38,8.47,58041.4112245601,6.59567e+13,83.33632
"63",2010,"Ecuador",5.77,134,5.63,3.75,6.38,6.87,6.24,4657.3023611471,6.59567e+13,83.33632
"64",2010,"Finland",7.79,12,4.48,8.85,9.62,8.13,7.88,46202.4151628454,6.59567e+13,83.33632
"65",2010,"France",7.42,34,4.66,7.3,9.67,8.09,7.4,40638.33400426,6.59567e+13,83.33632
"66",2010,"Germany",7.59,20,5.46,7.97,9.59,7.89,7.02,41785.556912554,6.59567e+13,83.33632
"67",2010,"Greece",6.81,81,5.72,5.51,9.67,7.57,5.59,26917.7589787254,6.59567e+13,83.33632
"68",2010,"Guatemala",7.15,60,7.75,3.85,9.37,8.15,6.63,2825.52406953376,6.59567e+13,83.33632
"69",2010,"Hong Kong",9.02,1,8.88,8.18,9.31,9.37,9.38,1932.85828999689,6.59567e+13,83.33632
"70",2010,"Iceland",6.48,103,4.83,8.33,5.92,6.44,6.86,41851.7354772988,6.59567e+13,83.33632
"71",2010,"India",6.39,106,7.18,5.45,6.42,6.25,6.64,1345.77015320926,6.59567e+13,83.33632
"72",2010,"Indonesia",6.85,78,7.9,4.25,8.99,6.77,6.33,3113.48063451433,6.59567e+13,83.33632
"73",2010,"Iran",5.91,131,6.68,4.39,8.68,5.05,4.74,4502.74904825726,6.59567e+13,83.33632
"74",2010,"Ireland",7.67,16,4.92,7.79,9.48,8.8,7.34,48671.8882936068,6.59567e+13,83.33632
"75",2010,"Israel",7.32,42,6.17,6.04,8.96,8.23,7.22,30642.9406174863,6.59567e+13,83.33632
"76",2010,"Italy",7.19,57,5.23,5.95,9.66,7.83,7.26,35849.3731979401,6.59567e+13,83.33632
"77",2010,"Japan",7.59,20,5.3,7.39,9.89,7.37,7.98,44507.6763859172,6.59567e+13,83.33632
"78",2010,"Kenya",6.92,74,7.75,4.05,8.74,6.85,7.23,967.350454885973,6.59567e+13,83.33632
"79",2010,"Korea, South",7.51,26,6.85,6.38,9.58,7.6,7.12,38497.6169579293,6.59567e+13,83.33632
"80",2010,"Luxembourg",7.53,25,4.03,8.29,9.35,8.38,7.58,104965.306078267,6.59567e+13,83.33632
"81",2010,"Malaysia",6.85,78,6.13,5.72,6.52,7.49,8.38,9071.35698672103,6.59567e+13,83.33632
"82",2010,"Mexico",6.74,84,7.18,4.57,8.07,7,6.88,9016.45781179769,6.59567e+13,83.33632
"83",2010,"Morocco",6.41,105,6.5,5.46,7.07,6.79,6.21,2834.20471989688,6.59567e+13,83.33632
"84",2010,"Netherlands",7.48,28,3.36,8.1,9.56,8.56,7.81,50338.2548273725,6.59567e+13,83.33632
"85",2010,"New Zealand",8.17,4,4.91,8.69,9.65,8.67,8.92,33692.0108346543,6.59567e+13,83.33632
"86",2010,"Nigeria",6.12,122,6.8,3.8,6.59,6.39,7.03,2327.32066957391,6.59567e+13,83.33632
"87",2010,"Norway",7.47,29,4.8,8.65,9.32,7.29,7.31,87770.2668443401,6.59567e+13,83.33632
"88",2010,"Pakistan",6.17,121,8.68,3.71,6.04,5.85,6.6,1040.14226787636,6.59567e+13,83.33632
"89",2010,"Peru",7.64,17,7.53,5.1,9.27,8.63,7.67,5022.49319096369,6.59567e+13,83.33632
"90",2010,"Philippines",7.09,62,8.31,3.99,9.29,6.69,7.16,2129.49924654605,6.59567e+13,83.33632
"91",2010,"Portugal",7,68,4.48,6.69,9.75,8.08,6.01,22538.6540773482,6.59567e+13,83.33632
"92",2010,"Singapore",8.71,2,8.06,8.23,8.91,9.39,8.97,46569.6795060716,6.59567e+13,83.33632
"93",2010,"South Africa",6.75,82,5.6,5.7,8.18,6.97,7.31,7275.38211193642,6.59567e+13,83.33632
"94",2010,"Spain",7.32,42,5.4,6.76,9.67,7.87,6.92,30736.6278530812,6.59567e+13,83.33632
"95",2010,"Sweden",7.58,23,3.47,8.38,9.64,8.24,8.16,52076.2559134864,6.59567e+13,83.33632
"96",2010,"Switzerland",8.32,3,7.71,8.55,9.39,7.37,8.58,74605.7210207051,6.59567e+13,83.33632
"97",2010,"Syria",5.96,128,6.52,4.02,7.28,5.98,6.01,NA,6.59567e+13,83.33632
"98",2010,"Tanzania",6.7,87,6.8,5.42,7.71,6.66,6.93,701.604550062032,6.59567e+13,83.33632
"99",2010,"Thailand",6.65,89,7.14,5.15,7.06,6.83,7.09,5075.30217639529,6.59567e+13,83.33632
"100",2010,"Tunisia",6.49,101,6.28,5.56,6.85,6.44,7.3,4140.1517698059,6.59567e+13,83.33632
"101",2010,"Turkey",6.87,75,6.76,5.06,8.86,7.35,6.32,10672.4001621088,6.59567e+13,83.33632
"102",2010,"United Kingdom",7.86,9,5.18,7.97,9.58,8.78,7.78,38893.0184937365,6.59567e+13,83.33632
"103",2010,"United States",7.81,11,6.39,7.14,9.68,7.72,8.14,48375.4069462972,6.59567e+13,83.33632
"104",2010,"Venezuela",3.96,153,4.96,2.48,4.72,3.47,4.19,NA,6.59567e+13,83.33632
"105",2005,"Argentina",5.99,108,7.56,4.22,5.44,6.42,6.31,5076.8838291729,4.74118e+13,90.71604
"106",2005,"Australia",8.07,10,6.38,8.48,9.44,7.48,8.55,33961.6818019217,4.74118e+13,90.71604
"107",2005,"Austria",7.85,14,5.23,8.68,9.55,8.15,7.62,38403.1338770715,4.74118e+13,90.71604
"108",2005,"Belgium",7.41,35,4.34,6.97,9.53,8.27,7.96,36967.2591839688,4.74118e+13,90.71604
"109",2005,"Brazil",6.18,100,6.73,4.69,7.64,7.15,4.67,4770.18384511293,4.74118e+13,90.71604
"110",2005,"Canada",8.12,9,6.38,8.08,9.68,7.77,8.66,36189.5883840265,4.74118e+13,90.71604
"111",2005,"Chile",7.74,17,7.43,5.99,9.34,8.45,7.5,7615.30467991411,4.74118e+13,90.71604
"112",2005,"Colombia",5.94,111,4.45,4.42,7.81,6.48,6.54,3386.02560001811,4.74118e+13,90.71604
"113",2005,"Congo, Dem. R.",4.61,137,7.16,1.37,5.04,4.9,4.57,1637.06438124572,4.74118e+13,90.71604
"114",2005,"Denmark",7.89,12,3.81,8.99,9.49,8.54,8.6,48799.8203703247,4.74118e+13,90.71604
"115",2005,"Ecuador",5.94,111,8.03,3.54,4.73,7.42,5.99,3021.94254731609,4.74118e+13,90.71604
"116",2005,"Finland",7.86,13,4.47,9.07,9.58,8.35,7.83,38969.171631813,4.74118e+13,90.71604
"117",2005,"France",7.31,44,4.11,7.19,9.58,8.22,7.47,34760.1877663866,4.74118e+13,90.71604
"118",2005,"Germany",7.75,16,5.74,8.8,9.53,8.24,6.45,34696.62091671,4.74118e+13,90.71604
"119",2005,"Greece",7.38,37,6.77,6.74,9.56,7.75,6.07,22551.735744099,4.74118e+13,90.71604
"120",2005,"Guatemala",7.22,51,8.08,4.68,9.17,7.65,6.5,2077.83438041454,4.74118e+13,90.71604
"121",2005,"Hong Kong",9.05,1,9.08,8.2,9.48,9.52,8.98,1311.74171442571,4.74118e+13,90.71604
"122",2005,"Iceland",8.13,8,6.9,9.05,8.75,7.12,8.84,56250.6828128727,4.74118e+13,90.71604
"123",2005,"India",6.71,75,7.42,6.51,6.84,6.07,6.74,707.008019015027,4.74118e+13,90.71604
"124",2005,"Indonesia",6.35,90,7.59,3.57,7.39,6.98,6.19,1260.92883370077,4.74118e+13,90.71604
"125",2005,"Iran",6.09,102,6.32,4.75,8.06,5.62,5.73,1849.60391076699,4.74118e+13,90.71604
"126",2005,"Ireland",8.22,6,6.64,7.71,9.65,8.91,8.19,50878.6395176066,4.74118e+13,90.71604
"127",2005,"Israel",7.3,46,5.84,6.3,9.34,8.46,6.58,20557.124078202,4.74118e+13,90.71604
"128",2005,"Italy",7.37,40,5.92,6.23,9.52,8.03,7.14,31959.2629518749,4.74118e+13,90.71604
"129",2005,"Japan",7.83,15,5.72,7.88,9.66,7.65,8.22,37217.648727917,4.74118e+13,90.71604
"130",2005,"Kenya",7.15,53,8.57,4.26,8.62,6.63,7.67,519.799934598691,4.74118e+13,90.71604
"131",2005,"Korea, South",7.46,32,6.66,6.9,9.53,7.21,7.01,35490.2613236708,4.74118e+13,90.71604
"132",2005,"Luxembourg",7.6,22,4.35,8.09,9.47,8.47,7.61,80289.696409954,4.74118e+13,90.71604
"133",2005,"Malaysia",6.84,71,6.03,6.21,6.6,7.39,7.99,5593.82299540355,4.74118e+13,90.71604
"134",2005,"Mexico",6.83,72,7.11,4.96,8.08,7.25,6.75,8089.40903640424,4.74118e+13,90.71604
"135",2005,"Morocco",6.28,97,6.71,5.49,7.1,6.26,5.84,2013.75555926972,4.74118e+13,90.71604
"136",2005,"Netherlands",7.73,18,4.4,8.36,9.46,8.54,7.89,41577.1600883755,4.74118e+13,90.71604
"137",2005,"New Zealand",8.44,3,6.24,8.7,9.65,8.73,8.86,27750.7248353584,4.74118e+13,90.71604
"138",2005,"Nigeria",5.95,110,6.72,3.5,6.41,5.95,7.2,807.893873798136,4.74118e+13,90.71604
"139",2005,"Norway",7.73,18,5.69,8.97,9.2,7.38,7.42,66775.3943971756,4.74118e+13,90.71604
"140",2005,"Pakistan",6.09,102,8.26,3.59,6.04,6.11,6.43,711.469946269738,4.74118e+13,90.71604
"141",2005,"Peru",7.39,36,7.71,4.56,9.68,8.06,6.93,2754.78002900377,4.74118e+13,90.71604
"142",2005,"Philippines",7.02,61,8.79,4.59,7.94,6.84,6.92,1194.69711595643,4.74118e+13,90.71604
"143",2005,"Portugal",7.25,48,5.23,7.32,9.54,7.98,6.17,18784.9484992149,4.74118e+13,90.71604
"144",2005,"Singapore",8.86,2,8,8.49,9.71,9.37,8.73,29869.8539805446,4.74118e+13,90.71604
"145",2005,"South Africa",6.87,70,5.99,5.87,7.98,7.04,7.47,5277.92545855196,4.74118e+13,90.71604
"146",2005,"Spain",7.62,21,6.57,6.73,9.58,7.94,7.3,26510.7174533426,4.74118e+13,90.71604
"147",2005,"Sweden",7.5,30,3.67,8.17,9.71,8.25,7.69,43085.353145957,4.74118e+13,90.71604
"148",2005,"Switzerland",8.37,4,7.88,8.72,9.61,7.4,8.24,54952.6737181498,4.74118e+13,90.71604
"149",2005,"Syria",5.75,120,5.72,4.03,7.39,5.77,5.85,NA,4.74118e+13,90.71604
"150",2005,"Tanzania",6.29,95,6.27,5.34,7.57,6.12,6.15,442.25285430836,4.74118e+13,90.71604
"151",2005,"Thailand",6.72,74,7.12,6.28,6.76,6.43,6.99,2893.6513555654,4.74118e+13,90.71604
"152",2005,"Tunisia",6.37,89,5.23,5.82,7.3,6.44,7.04,3194.56224258243,4.74118e+13,90.71604
"153",2005,"Turkey",6.43,85,7.84,6.39,4.84,7.38,5.69,7384.25848221376,4.74118e+13,90.71604
"154",2005,"United Kingdom",8.26,5,6.29,8.27,9.45,8.79,8.5,41732.640540022,4.74118e+13,90.71604
"155",2005,"United States",8.22,6,7.13,7.54,9.76,8.06,8.61,44307.9205848603,4.74118e+13,90.71604
"156",2005,"Venezuela",4.73,136,4.91,2.77,5.1,5.61,5.27,NA,4.74118e+13,90.71604
"157",2000,"Argentina",7.34,38,7.78,5.24,9.71,7.62,6.34,7669.27391554066,3.35712e+13,97.87067
"158",2000,"Australia",8.19,8,6.22,8.87,9.4,8.33,8.12,21669.410913094,3.35712e+13,97.87067
"159",2000,"Austria",7.96,14,4.77,8.76,9.63,9.11,7.54,24564.4582948404,3.35712e+13,97.87067
"160",2000,"Belgium",7.76,19,4.57,7.2,9.62,9.3,8.09,23207.4059110078,3.35712e+13,97.87067
"161",2000,"Brazil",5.98,85,5.98,5.65,6.14,6.67,5.51,3739.11613876518,3.35712e+13,97.87067
"162",2000,"Canada",8.27,7,5.97,8.6,9.53,8.97,8.33,24124.169174631,3.35712e+13,97.87067
"163",2000,"Chile",7.36,36,6.12,5.93,9.3,7.9,7.38,5101.36847857517,3.35712e+13,97.87067
"164",2000,"Colombia",5.67,99,4.64,4.03,6.31,6.98,6.39,2472.19783098297,3.35712e+13,97.87067
"165",2000,"Congo, Dem. R.",4.01,122,7.45,1.5,1.25,4.15,5.71,998.196856210498,3.35712e+13,97.87067
"166",2000,"Denmark",8.06,11,4.23,8.97,9.71,9.4,8.02,30743.5591735847,3.35712e+13,97.87067
"167",2000,"Ecuador",5.86,90,8.93,3.77,4.9,7.39,4.22,1451.2907755099,3.35712e+13,97.87067
"168",2000,"Finland",7.98,13,4.5,9.11,9.55,9.25,7.51,24253.2504245786,3.35712e+13,97.87067
"169",2000,"France",7.47,29,3.56,7.42,9.59,8.99,7.82,22364.0293943406,3.35712e+13,97.87067
"170",2000,"Germany",7.8,17,4.96,8.58,9.55,9.39,6.5,23718.746699471,3.35712e+13,97.87067
"171",2000,"Greece",6.97,49,4.95,5.38,9.32,9.05,6.2,12042.9537310995,3.35712e+13,97.87067
"172",2000,"Guatemala",6.85,58,8.53,3.94,7.64,7.38,6.25,1655.58773023347,3.35712e+13,97.87067
"173",2000,"Hong Kong",8.92,1,9.35,7.31,9.11,9.72,9.08,1088.77986884543,3.35712e+13,97.87067
"174",2000,"Iceland",7.99,12,6.07,8.71,9.18,8.24,7.79,31746.0231444433,3.35712e+13,97.87067
"175",2000,"India",6.22,79,6.83,5.3,6.88,5.51,6.34,438.864630447894,3.35712e+13,97.87067
"176",2000,"Indonesia",5.86,90,7.57,2.84,6.2,7.15,5.51,780.092074398741,3.35712e+13,97.87067
"177",2000,"Iran",5.57,103,4.92,4.85,8,5.73,4.33,NA,3.35712e+13,97.87067
"178",2000,"Ireland",8.08,10,6.13,7.96,9.43,9.18,7.76,26241.5144887017,3.35712e+13,97.87067
"179",2000,"Israel",6.84,59,4.65,6.78,8.09,8.7,6,21042.9816003225,3.35712e+13,97.87067
"180",2000,"Italy",7.59,24,5.62,7.25,9.47,9.01,6.63,20051.2421548342,3.35712e+13,97.87067
"181",2000,"Japan",7.93,16,5.96,7.94,9.65,8.55,7.51,38532.0408752935,3.35712e+13,97.87067
"182",2000,"Kenya",7.07,43,7.09,4.64,8.76,7.06,7.8,403.979713221115,3.35712e+13,97.87067
"183",2000,"Korea, South",6.92,53,6.26,6.54,8.27,7.19,6.33,18389.384328289,3.35712e+13,97.87067
"184",2000,"Luxembourg",8.18,9,4.78,8.62,9.75,9.46,8.31,48735.995492187,3.35712e+13,97.87067
"185",2000,"Malaysia",6.64,67,6.08,4.94,8.15,6.88,7.21,4045.17047135901,3.35712e+13,97.87067
"186",2000,"Mexico",6.6,69,7.14,4.78,6.85,7.47,6.71,6959.38871701488,3.35712e+13,97.87067
"187",2000,"Morocco",5.93,86,6.32,5.72,6.96,4.4,5.52,1332.3823579804,3.35712e+13,97.87067
"188",2000,"Netherlands",7.96,14,3.96,8.72,9.57,9.57,8.06,25921.1279408277,3.35712e+13,97.87067
"189",2000,"New Zealand",8.58,5,6.68,8.99,9.54,9.32,8.36,13640.9888898062,3.35712e+13,97.87067
"190",2000,"Nigeria",5.17,110,6.19,2.8,5.37,4.92,6.27,379.119326364064,3.35712e+13,97.87067
"191",2000,"Norway",7.36,36,3.25,8.7,9.03,8.43,7.33,38146.7153917477,3.35712e+13,97.87067
"192",2000,"Pakistan",5.55,104,7.19,4.44,6.15,2.85,5.86,533.862411433568,3.35712e+13,97.87067
"193",2000,"Peru",7.48,28,8.07,4.59,8.79,8.35,7.41,1996.71968884026,3.35712e+13,97.87067
"194",2000,"Philippines",6.97,49,6.87,4.66,9.23,7.09,7.04,1038.91101755581,3.35712e+13,97.87067
"195",2000,"Portugal",7.46,31,5.51,7.06,9.51,8.95,6.29,11502.3968126428,3.35712e+13,97.87067
"196",2000,"Singapore",8.7,3,7.97,8.58,9.46,9.15,8.34,23792.6070703118,3.35712e+13,97.87067
"197",2000,"South Africa",7.04,46,6.45,6.06,7.85,7.35,7.49,2982.00042596137,3.35712e+13,97.87067
"198",2000,"Spain",7.77,18,6.25,7.2,9.44,8.98,7.07,14676.7060880231,3.35712e+13,97.87067
"199",2000,"Sweden",7.67,21,3.67,8.37,9.84,8.89,7.54,29283.0050461572,3.35712e+13,97.87067
"200",2000,"Switzerland",8.73,2,7.75,8.81,9.7,9.49,7.96,37868.3230595798,3.35712e+13,97.87067
"201",2000,"Syria",4.95,114,3.75,3.74,6.46,5.06,5.77,NA,3.35712e+13,97.87067
"202",2000,"Tanzania",6.11,82,5.77,6.25,7.59,5.24,5.13,306.723827307922,3.35712e+13,97.87067
"203",2000,"Thailand",6.6,69,6.84,6.26,6.61,7.03,6.3,2007.56482637453,3.35712e+13,97.87067
"204",2000,"Tunisia",6.1,83,5.28,5.66,7.05,5.43,6.48,2213.91408810372,3.35712e+13,97.87067
"205",2000,"Turkey",5.84,92,7.08,5.34,3.57,7.55,5.67,4316.55389456022,3.35712e+13,97.87067
"206",2000,"United Kingdom",8.52,6,6.63,8.69,9.31,9.4,8.59,27982.3557635787,3.35712e+13,97.87067
"207",2000,"United States",8.62,4,7.03,9.01,9.78,8.78,8.55,36449.8551155349,3.35712e+13,97.87067
"208",2000,"Venezuela",5.89,88,5.95,4.48,5.56,7.86,5.58,NA,3.35712e+13,97.87067
"209",1995,"Argentina",6.95,37,8.22,5.15,6.57,8.54,6.28,7373.42824568235,3.0848e+13,75.86538
"210",1995,"Australia",7.95,10,5.68,8.96,9.4,8.1,7.63,20319.6306283956,3.0848e+13,75.86538
"211",1995,"Austria",7.15,30,2.82,8.85,9.55,8.84,5.7,30325.8495818396,3.0848e+13,75.86538
"212",1995,"Belgium",7.32,25,4.04,7.52,9.73,9.07,6.22,28565.9191516066,3.0848e+13,75.86538
"213",1995,"Brazil",4.66,103,6.13,5.76,0,6.49,4.94,4740.11981336276,3.0848e+13,75.86538
"214",1995,"Canada",8.08,8,5.8,8.95,9.63,7.88,8.11,20577.4893858895,3.0848e+13,75.86538
"215",1995,"Chile",7.37,22,7.3,6,8.65,7.91,7,5137.37507753084,3.0848e+13,75.86538
"216",1995,"Colombia",5.48,79,6.83,2.85,5.32,6.89,5.52,2470.68362290375,3.0848e+13,75.86538
"217",1995,"Congo, Dem. R.",3.41,120,5.63,0.99,0,6.32,4.11,755.916834291727,3.0848e+13,75.86538
"218",1995,"Denmark",7.73,14,3.07,9.09,9.77,9.13,7.57,35351.3807065346,3.0848e+13,75.86538
"219",1995,"Ecuador",6.31,55,8.22,4.24,6.47,6.75,5.87,2135.63281191362,3.0848e+13,75.86538
"220",1995,"Finland",7.52,19,2.69,9.28,9.55,9.18,6.9,26273.4659031066,3.0848e+13,75.86538
"221",1995,"France",6.97,36,3.22,7.49,9.83,8.3,6.03,26890.2198804535,3.0848e+13,75.86538
"222",1995,"Germany",7.62,17,4.36,9.13,9.76,9.14,5.7,31729.6997633451,3.0848e+13,75.86538
"223",1995,"Greece",6.4,52,5.23,6.69,7.34,7.86,4.87,12959.3243186619,3.0848e+13,75.86538
"224",1995,"Guatemala",7.15,30,9.12,4.41,8.08,8.45,5.69,1408.02420344366,3.0848e+13,75.86538
"225",1995,"Hong Kong",9.11,1,9.47,8.17,9.44,9.6,8.89,685.061874626141,3.0848e+13,75.86538
"226",1995,"Iceland",7.73,14,5.72,8.3,9.45,7.89,7.31,26239.0272985826,3.0848e+13,75.86538
"227",1995,"India",5.76,72,6.26,5.87,6.5,4.5,5.66,370.10135530585,3.0848e+13,75.86538
"228",1995,"Indonesia",6.3,56,7.96,2.76,9.09,5.88,5.79,1026.2704926429,3.0848e+13,75.86538
"229",1995,"Iran",4.04,114,5.35,4.81,3.87,2.43,3.73,NA,3.0848e+13,75.86538
"230",1995,"Ireland",8.25,5,5.76,9.09,9.6,8.93,7.89,19181.4009712886,3.0848e+13,75.86538
"231",1995,"Israel",5.91,66,3.1,6.85,7.43,6.89,5.27,18096.1622193914,3.0848e+13,75.86538
"232",1995,"Italy",6.62,45,3.75,6.47,9.58,8.42,4.87,20596.3885757596,3.0848e+13,75.86538
"233",1995,"Japan",7.4,20,4.95,8.13,9.72,7.37,6.83,43440.3678678967,3.0848e+13,75.86538
"234",1995,"Kenya",5.85,68,5.7,3.43,6.81,7.44,5.85,330.804330184085,3.0848e+13,75.86538
"235",1995,"Korea, South",6.58,46,6.42,5.62,8.05,7.18,5.62,16882.4214606658,3.0848e+13,75.86538
"236",1995,"Luxembourg",7.9,11,4.4,9.09,9.73,9.22,7.08,52831.2523660674,3.0848e+13,75.86538
"237",1995,"Malaysia",7.36,23,6.92,5.89,9.11,7.45,7.44,4328.00001769299,3.0848e+13,75.86538
"238",1995,"Mexico",6.46,49,7.47,5.3,5.5,7.72,6.33,3828.71702287945,3.0848e+13,75.86538
"239",1995,"Morocco",5.85,68,6.27,5.61,6.69,5.67,5.01,1428.06618232968,3.0848e+13,75.86538
"240",1995,"Netherlands",7.96,9,4.78,9.11,9.7,9.27,6.96,28884.7135222434,3.0848e+13,75.86538
"241",1995,"New Zealand",8.84,3,7.46,9.17,9.75,8.96,8.86,17400.2393749313,3.0848e+13,75.86538
"242",1995,"Nigeria",3.81,117,6.26,4.52,1.27,1.56,5.46,264.295634183588,3.0848e+13,75.86538
"243",1995,"Norway",7.57,18,3.17,9.19,9.47,8.97,7.05,34875.1973878148,3.0848e+13,75.86538
"244",1995,"Pakistan",5.55,78,5.84,4.67,7.6,4.22,5.43,493.661507955893,3.0848e+13,75.86538
"245",1995,"Peru",6.47,48,8.21,4.76,5.13,7.9,6.34,2217.78468138056,3.0848e+13,75.86538
"246",1995,"Philippines",7.1,32,8.2,4.55,8.8,7.1,6.88,1061.347868272,3.0848e+13,75.86538
"247",1995,"Portugal",7.4,20,5.49,8.04,9.18,8.8,5.5,11782.5214789678,3.0848e+13,75.86538
"248",1995,"Singapore",8.88,2,8.39,8.31,9.69,9.45,8.56,24936.8308288424,3.0848e+13,75.86538
"249",1995,"South Africa",5.9,67,6.3,3.06,6.44,6.48,7.23,3693.68170544455,3.0848e+13,75.86538
"250",1995,"Spain",7.18,29,4.16,7.46,9.61,8.66,6,15429.9394216199,3.0848e+13,75.86538
"251",1995,"Sweden",7.32,25,2.6,8.85,9.54,9.28,6.33,29914.331746409,3.0848e+13,75.86538
"252",1995,"Switzerland",8.16,7,6.37,9.14,9.63,8.43,7.24,48662.4397737883,3.0848e+13,75.86538
"253",1995,"Syria",4.08,113,4.57,4.07,6.59,2.36,2.82,NA,3.0848e+13,75.86538
"254",1995,"Tanzania",5.36,84,7.01,5.55,5.02,5.02,4.2,180.465023310587,3.0848e+13,75.86538
"255",1995,"Thailand",7.07,33,7.76,5.41,9.46,6.09,6.65,2845.41031378063,3.0848e+13,75.86538
"256",1995,"Tunisia",5.58,77,4.56,5.24,7.02,5.47,5.59,1978.37678941893,3.0848e+13,75.86538
"257",1995,"Turkey",5.69,74,6.93,4.31,3.21,7.75,6.27,2897.87020756225,3.0848e+13,75.86538
"258",1995,"United Kingdom",8.21,6,5.42,8.84,9.6,9.03,8.14,23013.4588199274,3.0848e+13,75.86538
"259",1995,"United States",8.48,4,6.88,8.76,9.76,8.65,8.33,28782.1750200918,3.0848e+13,75.86538
"260",1995,"Venezuela",4.35,106,6.13,3.84,1.93,5.2,4.64,NA,3.0848e+13,75.86538
"261",1990,"Argentina",4.47,92,6.18,5.7,2.5,4.4,3.58,4318.77469950773,2.25738e+13,58.47124
"262",1990,"Australia",7.73,10,5.35,7.86,9.15,8.15,8.12,18214.8369843135,2.25738e+13,58.47124
"263",1990,"Austria",6.95,24,3.11,8.35,9.63,7.64,6.05,21680.9896863626,2.25738e+13,58.47124
"264",1990,"Belgium",7.56,12,4.19,8.35,9.74,9.49,6.02,20710.6443430806,2.25738e+13,58.47124
"265",1990,"Brazil",4.23,98,6.07,6.19,0,4.28,4.59,3093.03747863815,2.25738e+13,58.47124
"266",1990,"Canada",8.17,6,5.81,8.35,9.68,8.64,8.39,21371.2910981421,2.25738e+13,58.47124
"267",1990,"Chile",6.61,30,6.51,5.5,7.65,6.73,6.69,2500.64625680918,2.25738e+13,58.47124
"268",1990,"Colombia",5.02,68,7.23,3.41,4.9,4.04,5.5,1175.1492701086,2.25738e+13,58.47124
"269",1990,"Congo, Dem. R.",3.12,108,5.74,1.63,0,4.3,3.94,1146.81227761124,2.25738e+13,58.47124
"270",1990,"Denmark",7.16,16,3.17,8.35,9.46,7.83,7,26891.4416399373,2.25738e+13,58.47124
"271",1990,"Ecuador",5.47,57,8.25,4.92,3.98,5.1,5.12,1491.40168162039,2.25738e+13,58.47124
"272",1990,"Finland",6.99,20,4.15,8.35,9.27,6.67,6.52,28380.548911275,2.25738e+13,58.47124
"273",1990,"France",7.04,19,3.53,7.73,9.69,7.82,6.42,21690.6291168529,2.25738e+13,58.47124
"274",1990,"Germany",7.64,11,5.15,8.35,9.67,9.48,5.56,22219.5725271486,2.25738e+13,58.47124
"275",1990,"Greece",5.95,42,4.81,6.76,6.89,6.6,4.66,9600.18512965969,2.25738e+13,58.47124
"276",1990,"Guatemala",5.81,48,8.07,2.17,6.83,6.44,5.52,825.807388097378,2.25738e+13,58.47124
"277",1990,"Hong Kong",8.73,1,9.31,5.94,9.02,9.97,9.43,615.273362925158,2.25738e+13,58.47124
"278",1990,"Iceland",6.92,25,6.03,8.35,7.08,6.62,6.54,25008.8494624088,2.25738e+13,58.47124
"279",1990,"India",4.79,83,4.88,3.9,6.63,2.67,5.89,363.964087319698,2.25738e+13,58.47124
"280",1990,"Indonesia",6,40,7.13,3.67,8.76,5.29,5.17,585.001031058804,2.25738e+13,58.47124
"281",1990,"Iran",4.29,97,5.06,1.71,8.99,2.05,3.65,10297.4276654405,2.25738e+13,58.47124
"282",1990,"Ireland",7.06,18,5.56,7.73,6.8,7.56,7.65,14048.1065755463,2.25738e+13,58.47124
"283",1990,"Israel",4.48,91,3.72,4.3,3.95,6.86,3.58,12658.1540594149,2.25738e+13,58.47124
"284",1990,"Italy",6.75,27,3.33,7.73,9.28,7.83,5.56,20757.0886782131,2.25738e+13,58.47124
"285",1990,"Japan",7.94,8,5.83,7.73,9.8,8.74,7.59,25359.34702031,2.25738e+13,58.47124
"286",1990,"Kenya",5.37,60,4.83,5.01,6.66,3.87,6.5,366.300890877046,2.25738e+13,58.47124
"287",1990,"Korea, South",6.38,34,6.49,5.45,6.59,7.42,5.96,8776.74134437874,2.25738e+13,58.47124
"288",1990,"Luxembourg",8.07,7,4.73,8.35,9.53,9.51,8.24,34645.1432443401,2.25738e+13,58.47124
"289",1990,"Malaysia",7.26,14,6.27,5.79,9,7.25,8,2440.59180136594,2.25738e+13,58.47124
"290",1990,"Mexico",6.26,35,7.96,6.76,3.59,7.63,5.33,3077.74708740678,2.25738e+13,58.47124
"291",1990,"Morocco",4.98,71,5.91,2.88,6.5,4.73,4.9,1202.56753069507,2.25738e+13,58.47124
"292",1990,"Netherlands",7.56,12,4.94,8.35,9.64,8.81,6.05,21019.125671934,2.25738e+13,58.47124
"293",1990,"New Zealand",7.86,9,5.3,8.35,8.64,8.85,8.18,13670.20068584,2.25738e+13,58.47124
"294",1990,"Nigeria",3.5,105,2.49,2.82,4.14,2.96,5.08,322.841182633172,2.25738e+13,58.47124
"295",1990,"Norway",6.99,20,2.94,8.35,8.73,8.88,6.08,28242.943738533,2.25738e+13,58.47124
"296",1990,"Pakistan",4.81,81,5.14,2.38,7.87,3.07,5.61,371.572621920217,2.25738e+13,58.47124
"297",1990,"Peru",3.87,101,7.13,2.93,1.25,4.07,3.96,1210.0059784398,2.25738e+13,58.47124
"298",1990,"Philippines",5.88,46,8,2.3,5.76,5.43,7.9,715.310585301965,2.25738e+13,58.47124
"299",1990,"Portugal",6.2,36,5.22,7.73,6.05,7.55,4.45,7885.39401919224,2.25738e+13,58.47124
"300",1990,"Singapore",8.49,2,8.22,7.25,9.34,9.9,7.74,11864.2802127196,2.25738e+13,58.47124
"301",1990,"South Africa",5.26,64,6.32,1.46,5.81,6.22,6.5,3076.45538715286,2.25738e+13,58.47124
"302",1990,"Spain",6.56,32,4.67,7.16,6.36,8.6,5.99,13767.3814721712,2.25738e+13,58.47124
"303",1990,"Sweden",6.96,23,2.62,8.35,8.03,9.65,6.17,30162.3157718195,2.25738e+13,58.47124
"304",1990,"Switzerland",8.21,4,6.43,8.35,9.72,9.76,6.82,38428.3855023167,2.25738e+13,58.47124
"305",1990,"Syria",3.32,107,4.38,2.35,5.58,1.55,2.77,NA,2.25738e+13,58.47124
"306",1990,"Tanzania",3.81,102,3.58,4.89,4.58,1.51,4.51,172.044798448973,2.25738e+13,58.47124
"307",1990,"Thailand",6.69,28,7.36,6.43,7.97,5.07,6.62,1508.28577397932,2.25738e+13,58.47124
"308",1990,"Tunisia",5.26,64,5.81,2.92,6.98,5.04,5.57,1492.87880920885,2.25738e+13,58.47124
"309",1990,"Turkey",4.73,86,5.82,3.98,3.87,4.71,5.28,2794.35355132653,2.25738e+13,58.47124
"310",1990,"United Kingdom",8.18,5,5.65,7.73,9.48,9.47,8.59,19095.4669984608,2.25738e+13,58.47124
"311",1990,"United States",8.48,3,6.96,8.35,9.68,8.74,8.66,23954.4793548671,2.25738e+13,58.47124
"312",1990,"Venezuela",5.55,53,5.95,5.7,4.74,6.41,4.93,NA,2.25738e+13,58.47124
"313",1985,"Argentina",3.53,100,5.22,4.31,2.5,1.69,3.95,2909.51661013406,1.26798e+13,54.98793
"314",1985,"Australia",7.16,12,4.42,7.88,9.35,7.53,6.62,11434.8898883603,1.26798e+13,54.98793
"315",1985,"Austria",6.46,21,3.05,7.88,8.31,6.93,6.11,9172.09676880976,1.26798e+13,54.98793
"316",1985,"Belgium",7.32,10,3.6,7.88,9.58,9.72,5.8,8797.65967886135,1.26798e+13,54.98793
"317",1985,"Brazil",2.96,107,5.08,4.45,0,0.94,4.33,1643.1965026761,1.26798e+13,54.98793
"318",1985,"Canada",7.87,5,5.24,7.88,8.93,8.79,8.5,14060.4617782265,1.26798e+13,54.98793
"319",1985,"Chile",5.55,42,5.71,4.46,7.06,4.78,5.74,1453.31620561991,1.26798e+13,54.98793
"320",1985,"Colombia",5.06,62,5.94,3.4,6.69,4.11,5.16,1125.2019352182,1.26798e+13,54.98793
"321",1985,"Congo, Dem. R.",3.53,100,4.71,1.64,1.49,5.25,4.57,1015.5573870385,1.26798e+13,54.98793
"322",1985,"Denmark",6.37,25,3.14,7.88,6.51,8.04,6.28,12253.0955451375,1.26798e+13,54.98793
"323",1985,"Ecuador",4.6,80,5.09,4.96,6.89,2.19,3.88,1895.76988737014,1.26798e+13,54.98793
"324",1985,"Finland",6.77,13,4.41,7.88,7.94,7.06,6.54,11405.9336506035,1.26798e+13,54.98793
"325",1985,"France",6.03,32,3.13,7.25,6.69,6.77,6.32,9739.09205651748,1.26798e+13,54.98793
"326",1985,"Germany",7.27,11,4.26,7.48,9.47,9.69,5.45,9393.89169050237,1.26798e+13,54.98793
"327",1985,"Greece",5.1,60,3.74,5.61,6.96,5.34,3.87,4813.71117991069,1.26798e+13,54.98793
"328",1985,"Guatemala",5.01,64,7.07,1.77,8.02,2.5,5.67,1179.80355567272,1.26798e+13,54.98793
"329",1985,"Hong Kong",8.34,2,8.89,6.31,9.33,9.93,7.25,850.114290679528,1.26798e+13,54.98793
"330",1985,"Iceland",5.42,49,5.35,7.88,2.84,5.53,5.51,12178.0619224559,1.26798e+13,54.98793
"331",1985,"India",4.72,74,4.5,4.38,6.61,2.4,5.7,293.48864710527,1.26798e+13,54.98793
"332",1985,"Indonesia",5.79,36,6.35,3.71,9.27,5.42,4.18,516.867806245799,1.26798e+13,54.98793
"333",1985,"Iran",3.73,94,4.33,1.76,8.1,1.07,3.38,3099.8815254079,1.26798e+13,54.98793
"334",1985,"Ireland",6.53,20,4.26,6.65,6.65,7.55,7.52,6018.93522618845,1.26798e+13,54.98793
"335",1985,"Israel",4.04,92,2.74,6.65,1.25,6.22,3.34,6495.06059144493,1.26798e+13,54.98793
"336",1985,"Italy",5.78,37,2.96,6.78,6.29,8.05,4.85,7964.32863738739,1.26798e+13,54.98793
"337",1985,"Japan",7.55,8,5.95,7.25,8.54,8.02,7.97,11584.6493269017,1.26798e+13,54.98793
"338",1985,"Kenya",5.28,55,3.94,4.96,6.84,4.4,6.26,312.196025352328,1.26798e+13,54.98793
"339",1985,"Korea, South",5.49,45,6.24,3.7,6.41,5.43,5.65,12330.4736421466,1.26798e+13,54.98793
"340",1985,"Luxembourg",8.39,1,7.39,8.35,9.58,9.74,6.9,12921.9584210817,1.26798e+13,54.98793
"341",1985,"Malaysia",6.68,15,5.56,5.61,8.38,7.25,6.6,2000.14597755726,1.26798e+13,54.98793
"342",1985,"Mexico",4.67,78,6.19,5.38,3.67,4.38,3.74,2384.57693277463,1.26798e+13,54.98793
"343",1985,"Morocco",5,65,5.23,2.88,6.81,5.37,4.7,659.833501846024,1.26798e+13,54.98793
"344",1985,"Netherlands",7.34,9,4.28,8.35,9.44,9.04,5.6,9799.44303762773,1.26798e+13,54.98793
"345",1985,"New Zealand",6.29,27,3.54,7.88,6.17,7.31,6.57,7684.05504624587,1.26798e+13,54.98793
"346",1985,"Nigeria",4.18,91,5.5,2.37,6.32,1.53,5.16,345.327564252475,1.26798e+13,54.98793
"347",1985,"Norway",6.39,23,3.25,8.11,6.45,8.11,6.01,15753.5527652129,1.26798e+13,54.98793
"348",1985,"Pakistan",4.83,72,4.73,3.13,6.78,3.77,5.74,337.726018974316,1.26798e+13,54.98793
"349",1985,"Peru",2.47,109,5.42,2.23,0,1.3,3.39,846.70576993303,1.26798e+13,54.98793
"350",1985,"Philippines",4.92,67,6.75,2.19,4.59,5.26,5.81,565.763467302315,1.26798e+13,54.98793
"351",1985,"Portugal",5.46,46,3.86,6.08,5.61,6.93,4.81,2705.45921651878,1.26798e+13,54.98793
"352",1985,"Singapore",7.65,7,6.59,7.25,8.29,9.96,6.19,6995.10130318793,1.26798e+13,54.98793
"353",1985,"South Africa",5.03,63,6.1,2.23,5.63,5.31,5.9,2051.82768817254,1.26798e+13,54.98793
"354",1985,"Spain",6.14,29,4.2,6.42,6.61,7.62,5.85,4686.89106924257,1.26798e+13,54.98793
"355",1985,"Sweden",6.45,22,2.61,7.41,8.1,8.1,6.03,13474.1613455755,1.26798e+13,54.98793
"356",1985,"Switzerland",8.15,4,6.69,8.35,9.66,9.63,6.43,16655.3373919475,1.26798e+13,54.98793
"357",1985,"Syria",3.01,106,1.95,2.38,6.1,1.81,2.8,NA,1.26798e+13,54.98793
"358",1985,"Tanzania",3.79,93,3.79,5.48,4.92,1.57,3.21,NA,1.26798e+13,54.98793
"359",1985,"Thailand",5.94,35,5.58,5.85,7.02,5.37,5.88,747.494132268818,1.26798e+13,54.98793
"360",1985,"Tunisia",4.37,86,3.86,2.94,6.5,3.59,4.96,1148.6381003945,1.26798e+13,54.98793
"361",1985,"Turkey",4.65,79,4.93,5.2,2.68,5.25,5.21,1368.40290568117,1.26798e+13,54.98793
"362",1985,"United Kingdom",7.71,6,4.61,6.65,9.35,9.68,8.25,8652.21654247593,1.26798e+13,54.98793
"363",1985,"United States",8.26,3,6.05,8.35,9.36,8.92,8.6,18269.4221684235,1.26798e+13,54.98793
"364",1985,"Venezuela",6.08,30,6.86,5.25,8.34,4.56,5.39,NA,1.26798e+13,54.98793
"365",1980,"Argentina",4.25,80,6.1,3.97,2.5,4.62,4.09,2738.28472318497,1.117e+13,29.76658
"366",1980,"Australia",6.85,12,5.08,7.26,9,6.38,6.53,10191.8160604335,1.117e+13,29.76658
"367",1980,"Austria",6.45,18,3.14,8.04,8.4,6.87,5.79,10869.5464236099,1.117e+13,29.76658
"368",1980,"Belgium",7.35,9,3.62,7.83,9.58,9.67,6.05,12932.8605964577,1.117e+13,29.76658
"369",1980,"Brazil",3.92,86,5.27,4.56,1.66,3.24,4.89,1939.79087647145,1.117e+13,29.76658
"370",1980,"Canada",7.77,4,5.37,7.18,9.09,8.69,8.53,11135.4379854841,1.117e+13,29.76658
"371",1980,"Chile",5.05,57,5,5.72,2.31,6.5,5.7,2577.32357506364,1.117e+13,29.76658
"372",1980,"Colombia",4.59,69,5.35,3.98,4.86,3.62,5.16,1204.15516834541,1.117e+13,29.76658
"373",1980,"Congo, Dem. R.",2.84,102,5,1.58,1.1,2.07,4.43,927.096255871317,1.117e+13,29.76658
"374",1980,"Denmark",6.24,24,3.06,7.18,6.68,7.85,6.44,13883.8996463609,1.117e+13,29.76658
"375",1980,"Ecuador",5.7,36,5.45,5.53,8.15,4.87,4.52,2241.79000580815,1.117e+13,29.76658
"376",1980,"Finland",6.5,16,4.67,6.83,7.78,6.83,6.38,11232.274564422,1.117e+13,29.76658
"377",1980,"France",6.05,27,4.22,6.45,6.4,6.78,6.42,12672.1812450251,1.117e+13,29.76658
"378",1980,"Germany",7.18,11,4.34,7.7,9.43,8.98,5.45,12092.3818542945,1.117e+13,29.76658
"379",1980,"Greece",5.72,33,5.76,5.57,7.12,6.22,3.93,5893.66180979161,1.117e+13,29.76658
"380",1980,"Guatemala",6.27,23,7.72,2.26,8.95,5.47,6.95,1081.72504300498,1.117e+13,29.76658
"381",1980,"Hong Kong",8.72,1,9.75,8.13,8.51,9.94,7.25,697.607540577323,1.117e+13,29.76658
"382",1980,"Iceland",5.15,54,5.12,6.83,2.62,5.69,5.5,14602.2365301649,1.117e+13,29.76658
"383",1980,"India",5.02,58,5,5.14,6.29,3,5.68,263.840719769997,1.117e+13,29.76658
"384",1980,"Indonesia",4.79,63,5.27,2.84,6.54,5.24,4.05,491.43777880234,1.117e+13,29.76658
"385",1980,"Iran",3.53,97,4.56,1.37,6.9,0.98,3.86,3911.54300303153,1.117e+13,29.76658
"386",1980,"Ireland",6.46,17,4.67,7.08,5.93,7.65,6.95,6380.06966831912,1.117e+13,29.76658
"387",1980,"Israel",3.5,98,1.82,3.98,2.03,6.13,3.52,6228.61491166864,1.117e+13,29.76658
"388",1980,"Italy",5.58,41,4.1,5.7,5.55,8,4.57,8429.02315340573,1.117e+13,29.76658
"389",1980,"Japan",7.37,8,5.8,7.91,8.28,6.92,7.92,9465.3797140302,1.117e+13,29.76658
"390",1980,"Kenya",4.84,62,3.79,4.2,6.17,3.98,6.06,446.574454322163,1.117e+13,29.76658
"391",1980,"Korea, South",5.38,48,5.97,5.8,5.29,4.8,5.05,20868.7421570256,1.117e+13,29.76658
"392",1980,"Luxembourg",8.05,3,6.77,7.83,9.05,9.7,6.9,17113.842251689,1.117e+13,29.76658
"393",1980,"Malaysia",6.61,15,4.84,5.86,9.05,7.12,6.18,1774.73630961095,1.117e+13,29.76658
"394",1980,"Mexico",5.19,53,5.69,6.29,7.7,1.3,4.97,2801.98076069368,1.117e+13,29.76658
"395",1980,"Morocco",4.29,78,4.63,1.61,6.26,4.41,4.55,1077.24294157105,1.117e+13,29.76658
"396",1980,"Netherlands",7.29,10,4.34,7.48,9.43,9,6.21,13615.8370736975,1.117e+13,29.76658
"397",1980,"New Zealand",6.44,19,3.82,8.04,6.31,7.62,6.38,7436.78597065766,1.117e+13,29.76658
"398",1980,"Nigeria",3.44,100,2.19,2.95,5.91,1.3,4.82,873.960732031519,1.117e+13,29.76658
"399",1980,"Norway",5.72,33,2.87,7.05,6.43,6.89,5.35,15772.2409073814,1.117e+13,29.76658
"400",1980,"Pakistan",4.25,80,5.03,2.26,6.39,2.2,5.35,303.448955667202,1.117e+13,29.76658
"401",1980,"Peru",3.6,95,6.47,3.14,1.62,3.29,3.46,1044.63988840675,1.117e+13,29.76658
"402",1980,"Philippines",5.15,54,6.49,2.72,6.1,5.11,5.34,684.654382176202,1.117e+13,29.76658
"403",1980,"Portugal",5.62,38,3.63,8,5.61,6.73,4.1,3368.6983695763,1.117e+13,29.76658
"404",1980,"Singapore",7.42,6,6.98,8.13,6.51,9.28,6.18,4926.95802257463,1.117e+13,29.76658
"405",1980,"South Africa",5.23,51,5.97,3.09,5.29,6.49,5.3,2788.39935257825,1.117e+13,29.76658
"406",1980,"Spain",5.81,30,5.18,4.58,6.07,7.74,5.46,6191.71494503494,1.117e+13,29.76658
"407",1980,"Sweden",5.66,37,1.63,6.61,7.56,6.67,5.85,16856.7610864306,1.117e+13,29.76658
"408",1980,"Switzerland",7.62,5,6.78,6.32,9.59,9.58,5.85,18832.1967194448,1.117e+13,29.76658
"409",1980,"Syria",3.69,92,3.84,1.37,8.18,2.3,2.75,NA,1.117e+13,29.76658
"410",1980,"Tanzania",4.33,76,5.83,5.75,4.11,1.62,4.35,NA,1.117e+13,29.76658
"411",1980,"Thailand",5.86,29,6.01,6.52,6.32,5.16,5.29,682.773455546258,1.117e+13,29.76658
"412",1980,"Tunisia",4.55,71,4.19,4.1,6.18,3.59,4.7,1373.10066682634,1.117e+13,29.76658
"413",1980,"Turkey",3.59,96,4.4,4.95,0.78,3.43,4.41,1564.24897993025,1.117e+13,29.76658
"414",1980,"United Kingdom",6.72,13,3.94,7.05,5.96,9.63,7,10032.062080015,1.117e+13,29.76658
"415",1980,"United States",8.07,2,5.17,8.35,9.22,8.97,8.63,12597.6675101771,1.117e+13,29.76658
"416",1980,"Venezuela",6.72,13,6.29,6.22,7.4,8.67,5.04,NA,1.117e+13,29.76658
"417",1975,"Argentina",3.13,72,5.63,1.5,2.5,0.9,5.14,2011.68904032488,5.89639e+12,27.5747
"418",1975,"Australia",6.06,17,4.71,5.07,8.47,6.21,5.85,6992.53897536211,5.89639e+12,27.5747
"419",1975,"Austria",6.04,21,3.91,NA,8.04,6.63,5.59,5285.62072414121,5.89639e+12,27.5747
"420",1975,"Belgium",6.75,11,3.99,5.73,9.01,9.69,5.33,6737.24825069324,5.89639e+12,27.5747
"421",1975,"Brazil",4.19,56,5.35,4.2,4,2.13,5.25,1149.58612059323,5.89639e+12,27.5747
"422",1975,"Canada",7.2,6,5.23,5.84,8.75,8.49,7.67,7489.94053115827,5.89639e+12,27.5747
"423",1975,"Chile",3.34,69,3.96,3.44,0,4.71,4.57,730.409900666526,5.89639e+12,27.5747
"424",1975,"Colombia",4.62,51,6.96,3.33,5.12,3.09,NA,529.0886693566,5.89639e+12,27.5747
"425",1975,"Congo, Dem. R.",3.92,60,4.92,NA,5.81,0.67,4.28,482.442681606357,5.89639e+12,27.5747
"426",1975,"Denmark",6.09,16,3.63,6.16,6.24,7.87,6.53,7999.11153176832,5.89639e+12,27.5747
"427",1975,"Ecuador",5.31,38,5.14,3.66,7.43,5.02,NA,1106.51847832901,5.89639e+12,27.5747
"428",1975,"Finland",6.05,19,5.29,4.96,6.8,6.65,6.55,6260.19127850933,5.89639e+12,27.5747
"429",1975,"France",5.81,26,4.63,4.59,6.26,6.96,6.61,6650.96896633976,5.89639e+12,27.5747
"430",1975,"Germany",6.76,10,3.79,6.6,9.32,8.96,5.15,6212.76312670789,5.89639e+12,27.5747
"431",1975,"Greece",5.82,25,6.79,5.4,6.91,6.43,3.58,3153.23530574717,5.89639e+12,27.5747
"432",1975,"Guatemala",7.24,5,8.83,NA,6.84,6.42,6.87,566.685442716882,5.89639e+12,27.5747
"433",1975,"Hong Kong",8.42,2,9.17,6.6,9.16,9.92,7.25,356.456379601942,5.89639e+12,27.5747
"434",1975,"Iceland",4.53,52,6.92,4.96,3.25,2.2,5.29,6358.56170216035,5.89639e+12,27.5747
"435",1975,"India",4.27,55,4.88,2.09,6.39,2.78,5.24,156.380095043253,5.89639e+12,27.5747
"436",1975,"Indonesia",4.78,50,6.48,3.05,6.57,4.47,3.31,233.03929364285,5.89639e+12,27.5747
"437",1975,"Iran",5.64,31,4.73,3.68,6.75,7.4,NA,1151.81772868642,5.89639e+12,27.5747
"438",1975,"Ireland",5.96,23,3.66,6.38,5.7,7.49,6.55,2976.96102204843,5.89639e+12,27.5747
"439",1975,"Israel",4.03,58,2.66,6.05,5.37,2.22,3.86,4443.94597202123,5.89639e+12,27.5747
"440",1975,"Italy",5.37,36,5.15,3.87,5.68,7.33,4.81,4093.44660431927,5.89639e+12,27.5747
"441",1975,"Japan",6.83,9,6.17,6.16,7.52,6.82,7.49,4659.12011498931,5.89639e+12,27.5747
"442",1975,"Kenya",4.8,49,4.23,3.66,5.73,4.91,5.47,241.672321212985,5.89639e+12,27.5747
"443",1975,"Korea, South",5.18,42,6.6,4.32,4.56,5.84,4.58,11731.5533356704,5.89639e+12,27.5747
"444",1975,"Luxembourg",8.48,1,NA,8.35,9,9.69,6.9,9008.02789044613,5.89639e+12,27.5747
"445",1975,"Malaysia",6.05,19,5.28,4.12,7.32,7.16,6.39,764.555063200847,5.89639e+12,27.5747
"446",1975,"Mexico",5.73,29,6.08,4.09,8.13,5.58,4.77,1445.64698361896,5.89639e+12,27.5747
"447",1975,"Morocco",4.91,46,5.67,2.4,6.09,5.47,NA,502.544832943967,5.89639e+12,27.5747
"448",1975,"Netherlands",6.6,13,4.35,6.38,9.14,7.88,5.28,7241.88606836983,5.89639e+12,27.5747
"449",1975,"New Zealand",5.77,28,4.41,5.07,5.9,7.1,6.35,4214.99671800999,5.89639e+12,27.5747
"450",1975,"Nigeria",3.85,61,5.12,3.52,3.47,2.33,4.82,438.336261441873,5.89639e+12,27.5747
"451",1975,"Norway",5.57,33,3.06,5.4,6.4,6.93,6.09,8204.45151152979,5.89639e+12,27.5747
"452",1975,"Pakistan",3.51,66,4.7,1.41,5.21,2.87,3.35,169.791235727325,5.89639e+12,27.5747
"453",1975,"Peru",3.5,67,6.29,0.96,4.87,1.89,NA,1108.1564362718,5.89639e+12,27.5747
"454",1975,"Philippines",5.02,44,7.09,3.44,5.59,3.51,5.48,360.671378239613,5.89639e+12,27.5747
"455",1975,"Portugal",3.74,64,4.35,1.06,5.58,3.51,4.22,2127.84700902697,5.89639e+12,27.5747
"456",1975,"Singapore",7.01,8,6.78,6.6,6.64,9.2,5.82,2489.7846193751,5.89639e+12,27.5747
"457",1975,"South Africa",5.23,40,4.56,2.81,6.22,6.49,6.08,1454.08033061963,5.89639e+12,27.5747
"458",1975,"Spain",5.57,33,6.81,3.1,5.73,6.21,6.02,3201.11920134726,5.89639e+12,27.5747
"459",1975,"Sweden",5.34,37,2.69,4.42,7.42,6.89,5.3,9974.65732087962,5.89639e+12,27.5747
"460",1975,"Switzerland",7.12,7,6.88,6.49,9.52,6.75,5.97,NA,5.89639e+12,27.5747
"461",1975,"Syria",4.88,47,4.44,NA,7.66,4.71,2.72,NA,5.89639e+12,27.5747
"462",1975,"Tanzania",3.46,68,4.55,NA,4.89,1.71,2.69,NA,5.89639e+12,27.5747
"463",1975,"Thailand",5.83,24,6.99,4.64,6.29,5.19,6.05,351.54751685883,5.89639e+12,27.5747
"464",1975,"Tunisia",4.49,53,5.19,2.77,6.05,3.56,4.88,765.790158097852,5.89639e+12,27.5747
"465",1975,"Turkey",3.83,62,4.66,2.47,4.79,2.76,4.47,1136.37669545234,5.89639e+12,27.5747
"466",1975,"United Kingdom",6.06,17,3,8.35,5.08,6.94,6.92,4299.74561799284,5.89639e+12,27.5747
"467",1975,"United States",7.88,3,5.09,7.91,9.26,8.82,8.3,7820.06547114686,5.89639e+12,27.5747
"468",1975,"Venezuela",6.22,15,7.43,2.78,7.12,8.51,5.24,NA,5.89639e+12,27.5747
"469",1970,"Argentina",5.67,33,5.96,3.55,7.87,NA,5.31,1317.48775502669,2.95699e+12,25.96016
"470",1970,"Australia",6.93,14,5.08,8.03,9.62,6.51,5.39,3299.03729664552,2.95699e+12,25.96016
"471",1970,"Austria",6.51,19,5.76,NA,8.38,6.76,5.16,2058.76907922607,2.95699e+12,25.96016
"472",1970,"Belgium",7.44,6,5.43,6.49,9.64,9.91,5.7,2780.69618678327,2.95699e+12,25.96016
"473",1970,"Brazil",5.28,38,6.13,4.79,5.99,4.27,5.24,444.026267601819,2.95699e+12,25.96016
"474",1970,"Canada",8,3,4.89,8.35,9.69,8.8,8.26,4121.93280924889,2.95699e+12,25.96016
"475",1970,"Chile",3.58,53,5.05,1.02,5.98,2.27,NA,954.24911733,2.95699e+12,25.96016
"476",1970,"Colombia",4.81,41,6.22,2.66,6.25,4.13,NA,326.290299976627,2.95699e+12,25.96016
"477",1970,"Congo, Dem. R.",4.26,51,3.6,NA,6.57,2.73,4.13,201.464157597233,2.95699e+12,25.96016
"478",1970,"Denmark",7.39,9,NA,8.24,6.84,7.91,6.55,3464.45699527623,2.95699e+12,25.96016
"479",1970,"Ecuador",4.22,52,5,2.66,6.54,2.67,NA,471.385993013935,2.95699e+12,25.96016
"480",1970,"Finland",7.12,11,6.39,7.09,7.99,7,7.1,2467.47634653616,2.95699e+12,25.96016
"481",1970,"France",6.51,19,5.45,7,7.04,7.11,5.95,2853.00449601999,2.95699e+12,25.96016
"482",1970,"Germany",7.4,8,4.43,8.35,9.47,9.22,5.55,2750.71974235504,2.95699e+12,25.96016
"483",1970,"Greece",6.47,21,8.04,5.53,8.35,6.16,4.25,1494.38785525349,2.95699e+12,25.96016
"484",1970,"Guatemala",6.69,17,9,NA,6.99,5.38,5.41,338.682043021158,2.95699e+12,25.96016
"485",1970,"Hong Kong",8.34,1,9.62,7.72,8.85,8.33,7.16,266.135720383015,2.95699e+12,25.96016
"486",1970,"Iceland",5.95,28,6.84,7.09,5.74,4.11,NA,2538.1878391226,2.95699e+12,25.96016
"487",1970,"India",5.08,40,4.23,3.62,6.75,NA,5.73,111.257570648354,2.95699e+12,25.96016
"488",1970,"Indonesia",4.27,50,6.81,2.92,4.32,4,3.31,79.6856573549133,2.95699e+12,25.96016
"489",1970,"Iran",5.77,32,5.48,3.65,8.47,5.47,NA,330.885201724653,2.95699e+12,25.96016
"490",1970,"Ireland",6.75,16,6.48,8.35,6.64,6.8,5.49,1488.2947624515,2.95699e+12,25.96016
"491",1970,"Israel",4.79,42,4,6.35,6.37,3.36,3.87,2369.0876485093,2.95699e+12,25.96016
"492",1970,"Italy",6.37,23,6.14,5.81,6.42,8.16,5.33,2099.91429122268,2.95699e+12,25.96016
"493",1970,"Japan",7.68,5,9.27,8.03,6.93,6.64,7.53,2037.55990148865,2.95699e+12,25.96016
"494",1970,"Kenya",5.11,39,4.8,4.69,5.9,3.36,6.82,142.497089289351,2.95699e+12,25.96016
"495",1970,"Korea, South",5.84,31,8.11,5.19,5.28,4.78,NA,3848.56973886819,2.95699e+12,25.96016
"496",1970,"Luxembourg",8.01,2,6.52,8.35,8.34,9.96,6.9,4449.54038678192,2.95699e+12,25.96016
"497",1970,"Malaysia",6.25,24,5.87,5.19,7.12,6.49,6.6,357.661864302881,2.95699e+12,25.96016
"498",1970,"Mexico",6.78,15,7.63,4.69,9.18,5.6,NA,682.684891278107,2.95699e+12,25.96016
"499",1970,"Morocco",4.74,43,4.81,2.71,6.95,4.49,NA,246.088042821043,2.95699e+12,25.96016
"500",1970,"Netherlands",7.01,13,4.95,7.88,9.48,6.96,5.77,2889.71479887468,2.95699e+12,25.96016
"501",1970,"New Zealand",6.62,18,5.37,8.03,6.18,7,6.5,2356.54018382618,2.95699e+12,25.96016
"502",1970,"Nigeria",4.28,49,9.65,3.01,2.61,1.87,NA,224.107455030034,2.95699e+12,25.96016
"503",1970,"Norway",6.19,26,4.42,7.72,6.25,6.31,6.26,3306.21947607769,2.95699e+12,25.96016
"504",1970,"Pakistan",4.45,46,6.83,1.95,6.98,0.78,5.71,172.610739157721,2.95699e+12,25.96016
"505",1970,"Peru",4.62,44,7.65,1.13,5.94,3.76,NA,557.093526521196,2.95699e+12,25.96016
"506",1970,"Philippines",5.3,37,8.72,4.17,6.75,1.58,NA,186.768759913494,2.95699e+12,25.96016
"507",1970,"Portugal",5.51,34,3.98,5.52,7.15,6.62,4.26,934.173980007822,2.95699e+12,25.96016
"508",1970,"Singapore",7.08,12,7.25,7.72,7.32,7.98,5.14,925.287389444613,2.95699e+12,25.96016
"509",1970,"South Africa",5.91,30,6.07,3.7,7.16,6.56,6.07,806.413063053364,2.95699e+12,25.96016
"510",1970,"Spain",6.12,27,8.2,4.34,6.92,5.44,5.69,1208.99666177967,2.95699e+12,25.96016
"511",1970,"Sweden",5.31,36,1.74,6.47,6.13,6.06,6.16,4669.43867205361,2.95699e+12,25.96016
"512",1970,"Switzerland",7.41,7,NA,6.49,9.59,6.47,7.07,NA,2.95699e+12,25.96016
"513",1970,"Syria",4.61,45,5.25,NA,6.62,3.47,3.1,NA,2.95699e+12,25.96016
"514",1970,"Tanzania",4.36,48,4,NA,6.22,3.2,4.02,NA,2.95699e+12,25.96016
"515",1970,"Thailand",6.2,25,7.89,5.84,6.71,5.47,5.09,192.12566497039,2.95699e+12,25.96016
"516",1970,"Tunisia",4.44,47,4.89,3.13,6.88,2.51,4.8,284.412091628008,2.95699e+12,25.96016
"517",1970,"Turkey",3.52,54,6.09,3.89,4.11,0,NA,489.930775037911,2.95699e+12,25.96016
"518",1970,"United Kingdom",5.94,29,3.56,8.03,5.99,4.69,7.41,2347.54431773747,2.95699e+12,25.96016
"519",1970,"United States",7.77,4,5.27,8.35,9.59,8.8,6.84,5246.88371730098,2.95699e+12,25.96016
"520",1970,"Venezuela",7.18,10,7.81,4.38,9.71,8.69,5.31,NA,2.95699e+12,25.96016
